id,firstName,lastName,phone,email,birthday,rewardPoints
0,Default,,,,,0
1,Belinda,Wright,5951220089,BW@Bbn.bNr,1939-06-04,149
2,Shelby,Thorne,9716012892,ShelThorne@tOO.yMO,1995-03-02,57
3,Kathrine,Hernandez,3960610038,KaHern@zYv.ZnF,1937-07-03,177
4,Thomas,Ingram,6929765850,ThomaIngra@YcT.cjq,1948-10-22,316
5,Jae,Biscoe,1955965601,JaeB@Koh.XbN,2009-02-03,95
6,Rita,Hilgert,5745320335,RHilger@drv.UDK,1986-03-19,125
7,Donald,Ballenger,0266543463,DonaBall@wod.ueh,1974-03-03,348
8,Bobby,Forster,9813068233,BobbFors@UWh.mkG,1959-09-20,9
9,Maud,Ward,5875901710,MWa@aVC.QRo,1921-11-06,486
10,Monica,Ramirez,8223432806,MonicaRamirez@rCs.Goz,1951-05-04,152
11,Antonio,Castaneda,9786694494,AntCastaned@TLp.LEU,1990-07-26,485
12,John,Bush,2995786291,JohnB@Cia.eVn,2014-06-17,385
13,Wilfred,Dyer,9034060118,WilfredD@UiF.Jcy,1922-06-20,434
14,Todd,Hampton,9260909029,THampto@shb.ZUV,2003-03-10,300
15,Richard,Truesdale,2458392259,RichaTrue@wPP.nBj,1935-05-24,292
16,Pamela,Mueller,5109194739,PamMuell@zZJ.zzl,1935-05-27,256
17,Jina,Smith,5665621002,JiSmith@tGU.EFQ,1935-07-16,123
18,Christina,Carroll,4024678413,ChristiC@FIj.dQB,1943-04-06,469
19,Ronald,Campbell,5911287045,RonaCam@MsZ.rxe,1963-05-09,409
20,Frederick,Cornelius,3507689364,FredeCo@ejl.TsL,1920-09-01,63
21,Maria,Dowdell,1322071268,MarDowde@CKT.eKT,1942-08-30,147
22,Charlie,Hale,9547383127,CharliHale@vBW.uCy,2011-05-11,321
23,Robert,Carson,7899966107,RoberCarson@yWb.jPf,1908-08-16,115
24,Roosevelt,Conner,8808838975,RoConner@fAr.Fah,1959-01-12,21
25,Jose,Mederios,8050900225,JMeder@bfa.JmQ,1907-01-21,148
26,Paula,Salvadore,8831302212,PaulSalva@XlG.RwW,1913-10-25,157
27,Lorriane,Gurry,9432270142,LorriGurry@oXz.RIC,1978-07-27,269
28,Samantha,Smith,5585857886,SamanSmit@ZqO.cBe,1997-07-08,31
29,Thomas,Asam,8702910781,TAs@ohJ.Pvl,2012-10-02,414
30,John,Speaks,0830787600,JoSpeak@JOz.dyu,2007-02-04,391
31,John,Bickel,5229911803,JB@NXc.rrM,1909-05-29,35
32,August,Ware,6354936107,AuWa@SzP.fbf,2008-04-05,9
33,Norman,Leaming,3459937844,NormanLeamin@fyK.uZu,2019-02-21,391
34,Julie,Whiteman,0742270861,JWh@cHM.Ylt,2003-12-31,407
35,Karey,Mackey,4360840255,KareMa@wUx.Fvi,1921-11-26,244
36,John,Albright,3048784042,JohnAlbright@OBz.WJb,1915-02-09,252
37,Mark,Cody,3975680955,MaCo@bSo.MRz,1969-06-08,53
38,Jesus,Chapman,2337562469,JesuChap@ond.Qfj,1946-12-23,91
39,Florence,Stollings,5455565944,FlorStollin@eFH.Ikb,1998-01-03,170
40,Linda,Mcgowan,3763319472,LMcgowa@UOU.JyV,2017-08-02,161
41,Adrian,Fravel,0982174847,AdFr@Iyw.HIh,2003-11-21,482
42,Richard,Savage,7968990694,RicharSav@tWC.Obd,1906-11-06,193
43,Margaret,Limmel,0107358469,MLi@kDL.mNz,1917-05-04,18
44,Shirley,Harney,8446474825,SHar@eBW.VeV,1922-08-13,62
45,Andrew,Hammond,3051178867,AHa@mQV.Zap,1916-03-14,31
46,Christy,Fu,3969647389,ChFu@Bvs.Wzq,1916-02-10,256
47,Vella,Lindsay,9778729819,VLind@nFR.WQD,1940-01-17,222
48,Marta,Brown,3942788774,MaBrow@XRq.EfG,1984-01-10,456
49,Christopher,Bonds,4175497998,ChrB@WWF.cmB,1911-07-01,473
50,Charles,Imel,3122654609,CharleIme@oCQ.Omr,1943-10-22,93
51,Ethan,Ramsey,2955587159,EthanRa@VsN.AKe,2019-09-03,489
52,Jennifer,Roosevelt,6913581574,JenRoo@DXD.loe,1977-07-09,10
53,Jon,Miller,8803368008,JonMi@zfw.PlV,2002-03-25,131
54,Donald,Bassett,9047495137,DBasse@DbW.Crg,1951-02-19,13
55,Daniel,Mcclanahan,1253348466,DanMcclan@UiZ.qHY,1913-08-20,230
56,Robert,Gonzalez,1444223453,RobGon@ZGc.jSe,1952-06-18,53
57,John,Schillinger,4709625916,JoSchilling@RdK.wUa,1975-02-21,342
58,Nancy,Moses,0368920523,NanMoses@xQh.mFl,2005-05-14,102
59,Shannon,Campuzano,3935789129,ShannC@fBj.aHN,1923-08-21,101
60,Jamie,Tovar,0952355036,JamTova@QEB.ucC,1936-08-01,44
61,Helen,Zelkin,9174895678,HZe@uJY.wTg,2019-07-07,68
62,Albert,Rawling,9676614444,AlbertRaw@UJb.lAZ,1937-06-01,377
63,Mary,Daly,7326062464,MaryD@zOo.eSU,1957-09-30,375
64,David,Evans,4048335731,DaviEvans@FYh.KBv,1968-10-29,229
65,Paul,Trout,9554800665,PaulTr@uPu.ntG,1937-08-08,474
66,Jessica,Hamlett,1676696692,JeH@DsO.NVh,1952-12-07,137
67,Timothy,Spatz,6833340431,TimotSpatz@Ood.vtu,1974-02-11,150
68,Patricia,Lyndon,1382199187,PatLynd@ELo.ojb,1993-08-12,446
69,Nettie,Lynch,4879611945,NetLyn@GHK.dTn,2001-10-15,433
70,Madeline,Schuster,4667032321,MSchus@hfn.Zxt,1910-07-20,93
71,Robert,Smith,3695063719,RoSmith@CKS.LFp,1923-04-05,440
72,Gail,Shores,4265143327,GaiSho@PZO.jKR,1927-10-30,462
73,Kenton,Cordova,0463956276,KCordova@CJD.mSM,1919-05-21,72
74,Carolyn,Numbers,4073822280,CaNumber@ntb.ovy,2009-07-14,48
75,Alice,Evans,9772357791,AlEvan@iuT.Smy,1994-04-20,293
76,Tony,Velez,9034147464,TonyVel@KUh.fZE,1970-03-17,295
77,Dixie,Hix,3271614184,DixiHix@oVa.LlR,1943-04-22,122
78,Clayton,Mark,2833095033,ClaytoMa@Zbj.MCB,2003-11-06,399
79,Ray,Sierra,9060223219,RaySier@VpS.PyJ,2013-10-24,30
80,Laura,Mcgowan,3603516435,LaMcgowan@zJP.eCS,1951-10-17,350
81,Gene,Shelton,0877638545,GeneShelt@uIe.eKB,1999-04-11,256
82,Joyce,Benites,2369164707,JoBenite@bKO.xHP,1988-01-25,208
83,Deborah,Walker,9133163531,DeborWalke@oxU.lFz,1923-05-27,355
84,Matthew,Surbaugh,9775391773,MattSurbau@sHy.SaM,1915-08-07,312
85,Franklin,Blasko,5659230887,FraBla@ale.FNb,1903-03-14,181
86,Billy,Lagatta,9430412200,BillLa@pwo.fUO,1913-02-17,59
87,Michael,Dawkins,2399252285,MDawkin@JKz.XFJ,1902-04-27,54
88,John,Diem,3034569241,JohnDiem@ynm.hdY,1958-12-05,110
89,Gayle,Abbott,1507469919,GayAbbot@lAq.hdI,1970-10-22,69
90,Marie,Arguello,2232549830,MariA@BFM.Lix,1970-05-24,322
91,William,Adelstein,8872677402,WA@bbX.CJm,1977-10-20,410
92,Tia,Rhoades,3358010874,TiRho@zXc.aCT,1925-08-13,226
93,Ruby,Hunt,3899091253,RubyHu@QEE.jvK,2010-01-20,265
94,Agnes,Fleming,9878964401,AgnesFlemi@LHZ.iZu,1945-05-12,146
95,Robert,Ballance,9355287268,RobBallanc@KbT.wwn,1944-10-02,408
96,Jessica,Ellis,6245106174,JessiElli@MvG.ziX,1960-05-12,51
97,Mary,Tarkington,8296128411,MaTarkin@flP.CqE,1912-12-29,249
98,Julia,Greene,3538927602,JGreene@Zrl.pOm,1939-06-19,465
99,Rodrigo,Current,2414382208,RodriCurrent@quU.lxV,1946-03-21,385
