id,firstName,lastName,phone,email,birthday,rewardPoints
0,Default,,,,,0
1,Faye,Hackett,9288661270,FayHacket@sho.PoW,2000-11-30,2166
2,Judith,Russel,8587269931,JuditR@MbM.HnG,1974-05-14,5323
3,William,Vogt,0458150381,WiVogt@ncS.lBA,1965-01-28,6205
4,Robert,Merriam,8983452648,RobeMer@iOT.tuA,1983-10-30,4005
5,Henrietta,Sheets,8474062458,HenriSheet@nrS.mWk,1980-05-22,4178
6,Kayla,Spaid,6887347492,KaylSp@Irx.QrY,1956-04-18,6113
7,Sarah,Forbus,5193013143,SaraForb@tGP.PjK,1973-08-04,1387
8,Isela,Blackwell,4131429042,IselBlackw@JHI.TSv,1995-03-19,1914
9,Stuart,Garcia,9872645384,SGarc@mdO.SOu,1976-07-26,3796
10,Clarence,Lombardo,3063008492,ClarLombar@kdG.EIr,1975-01-19,6590
11,Kathryn,Norton,7865331682,KN@hUr.kQa,1962-05-28,4823
12,John,Delahoussaye,6952943208,JohDelahouss@ucq.FRj,2014-07-15,6561
13,Kristen,Stoddard,2015543325,KrisStodd@VXx.pQd,1954-01-26,9772
14,Emily,Wallerich,4990451614,EmilW@LQI.mzF,1907-03-13,4254
15,Michael,Hill,8010449041,MiHil@iFL.APJ,1951-06-05,5772
16,Felix,Fernandez,6737372197,FFerna@cqn.xFN,1949-06-23,7870
17,Ruth,Carter,7681949210,RutCarter@RVm.GeX,1957-04-14,1488
18,Philip,Pettway,2287835456,PhiPet@pql.jku,1928-10-09,3467
19,Gary,Sasahara,5305902508,GarS@aVJ.VYr,1997-06-11,7833
20,Francis,Smith,4982369673,FrancSmith@eFV.KCS,1901-01-18,8121
21,Danny,Miller,6173018746,DannyMi@Kcm.DJa,2009-06-22,2578
22,Afton,Nalley,6639621767,AfNalle@pET.vSs,1940-05-05,1691
23,Samantha,Logiudice,7715885173,SamaL@iLP.gbz,2007-10-29,8103
24,John,Gunnerson,0126110122,JoGunner@QRv.oFp,1916-08-13,3400
25,Joel,Sisco,2891788046,JoeSi@Wru.sGg,1969-08-24,4056
26,Paul,Cline,0823056830,PaCl@YnE.Pbx,1922-12-26,2152
27,Mary,Sanchez,9643096570,MaSanchez@sVk.zEn,1960-01-04,9859
28,Arlene,Devenny,1641311195,ArD@CsK.pkw,1996-08-22,1923
29,Patricia,Duran,0515481834,PatriciDuran@mBx.BZd,1990-01-03,9995
30,Adrian,Salter,2977276629,AdrianSa@CRW.Aap,1974-07-17,7318
31,Stanley,Allred,8125029475,StanleyAllred@ivO.nOG,1950-10-05,4020
32,Henry,Kenworthy,2638190625,HKenwo@eKu.Ecp,1914-04-06,3806
33,Harvey,Nixon,3364748521,HaNi@QQR.QJF,1948-08-30,8506
34,Edith,Lindley,7001437009,EdLi@Bry.OfV,1930-12-06,1753
35,David,Mcgrath,0704277042,DavidMcgrath@eMe.fAc,1983-08-20,4934
36,Thomas,Cox,9002705163,ThomasCo@YUS.DXG,1990-04-03,6479
37,Harold,Bray,9968267179,HarolBra@Uzh.vgy,1978-01-01,2754
38,John,England,1783793862,JEngl@Tfx.JvS,2009-09-30,4622
39,Vincent,Spueler,0449154086,VinceSpueler@bGj.fbV,1944-06-06,3428
40,Deborah,Greene,6871741154,DeboGr@UTn.rho,1951-04-28,377
41,Randy,Lofty,2473082934,RanLof@jCF.vPE,1988-04-30,8649
42,Jack,Ford,8043156775,JackF@tSp.Dwu,1937-05-09,117
43,Pamela,Roorda,7887214574,PamelaRo@nbT.nEL,1911-09-06,4253
44,Toni,Reyes,8250894815,ToniR@CmK.EXq,1925-09-23,337
45,Jefferson,Adams,1635939156,JAda@QGx.pIQ,1909-08-18,8346
46,Bobby,Daniels,0824588225,BobbyDa@lfv.WSe,2002-05-03,9777
47,Cheryl,Miner,0639360910,CMiner@guX.Qow,1982-03-02,1641
48,Roxanne,Whitting,2630389794,RWhi@pey.vrg,1954-10-15,2362
49,Annie,Lanier,9206910470,AnniL@acn.LIE,1950-09-05,7885
50,Forrest,Thomas,3800079541,ForrestThom@WGP.MwO,1935-09-21,4700
51,Sandra,Shane,2132159467,SanSha@Trm.Cwl,1930-02-07,5693
52,Jose,Nigro,5658736846,JoNig@GjM.AhW,1960-02-09,1819
53,Walter,Kitchen,6649952080,WalterKitc@BPX.PuP,1987-10-01,1086
54,Judy,Neeley,2957356225,JuNeeley@xVq.NMC,1936-09-04,2768
55,Thomas,Rizzi,3760586838,ThoRizz@Vug.tMK,2005-11-23,1715
56,Linda,Maez,4431836395,LMae@HlN.mWS,1975-06-15,8953
57,Tyesha,Baumer,1734413858,TyBau@Cys.pmM,1930-10-13,7707
58,Peter,Leary,0470999018,PeteLear@NXA.Cov,1940-08-08,2732
59,Robert,Fernandes,6696872564,RobertFer@Udu.DcJ,1961-04-24,8554
60,John,Roll,2661333148,JRo@WtK.yLZ,1966-06-26,8989
61,Dolores,Dumas,1130668945,DolDum@bKS.XXq,1931-04-06,4931
62,William,Aycock,3378891604,WilliAy@RMG.TgZ,2006-05-22,2377
63,Joseph,Freeman,0423678471,JoFreeman@jfi.Fbn,1956-05-23,8152
64,Crystal,Potter,6949392001,CPo@gRv.rIN,2014-06-09,556
65,Craig,Hauger,6162309877,CraHau@NVf.AEi,1990-05-21,3091
66,Frank,Seward,5933870640,FSeward@cgt.MOf,1904-06-24,7226
67,Myrna,Hargrove,0146631819,MyrnH@rTa.nel,1977-08-21,5022
68,Darius,Tudela,0162285556,DariTude@opq.KWS,1979-02-23,318
69,Keith,Sabin,8884725454,KeithS@vEJ.jSS,1937-05-19,4150
70,Florence,Trammell,1401200921,FTramm@lUq.zBI,1933-12-28,4966
71,Nicholas,Stewart,3293562644,NichoSte@RdU.LmT,1937-05-16,8505
72,Alejandro,Stringer,2336368135,AlStringe@Isl.Dhi,1952-10-24,5071
73,Faye,Clark,1713166455,FClark@GqV.OtU,1994-02-02,6649
74,Clara,Lamar,1996208874,ClLama@dqq.Lqo,1995-04-13,8139
75,Kassandra,Forsythe,1184822712,KassanFor@hUu.FHr,1919-09-14,8437
76,Steven,Minton,1938741751,SteveMin@Ilt.rXm,1970-01-07,4678
77,David,Bowman,0931008972,DavBowm@LIG.LQR,1956-04-25,7529
78,Lois,Strope,6509373550,LoiStrope@tBK.ZIp,1930-07-25,896
79,Roger,Rice,5990195505,RogeRic@FTU.GUh,1951-06-25,1610
80,Deborah,Cos,1498569909,DC@SpT.MbR,1992-06-22,4706
81,Bonnie,Cunningham,7035095353,BonCunningham@Qgk.qQv,2004-06-24,2879
82,Irish,Hyatt,6578770600,IrishHy@udP.yiR,1968-10-17,4592
83,Lorraine,Hoard,5678914695,LorrainHoard@CjX.Ohw,1987-03-19,9479
84,Joseph,Broker,4066606248,JosBro@YWW.cHo,1912-03-08,698
85,Tana,Chavez,5860767457,TChav@Igf.Lsr,1974-10-19,2193
86,Megan,Pinkert,4019388636,MeganPinker@sLx.IIz,1920-10-14,229
87,Timmy,Smith,1429058985,TiSmit@Oeg.ESB,1910-01-22,3893
88,Kendrick,Meier,7450470239,KMe@nnt.hKr,1927-07-29,3795
89,Cindy,Nguyen,0514108125,CNgu@cwc.ljv,1908-10-12,1022
90,Gloria,Sizemore,6456156850,GloriaSizemor@SJV.Kxj,1995-08-19,459
91,John,Thorne,6330900606,JTh@znc.qWZ,1963-08-19,136
92,Ray,Lemus,1784225804,RaLem@HQI.abA,2017-11-20,1812
93,John,Cooper,2896683636,JC@eAj.LYw,1955-09-02,9099
94,Elizabeth,Lopez,9848075511,ElizaLope@tri.FvM,2005-12-25,5260
95,Brenda,Joseph,0062339450,BrendJo@cDQ.JLp,1936-07-29,2245
96,Mark,Millward,9042783828,MarkM@QlF.DzR,2002-03-13,3974
97,Julie,Walker,6187772172,JWalke@WuT.PyB,1988-10-02,8985
98,Robert,Miller,9140780888,RobeMil@IQB.ZhL,1912-03-02,5001
99,Walter,Turner,3398519449,WaltTur@SvD.sLo,1973-03-09,4631
